DE_TransE_Rank,DE_TransE_Counts,DE_SimplE_Rank,DE_SimplE_Counts,DE_DistMult_Rank,DE_DistMult_Counts,TERO_Rank,TERO_Counts,ATISE_Rank,ATISE_Counts
1,3414,1,8660,1,7673,1,9579,1,9022
10,471,10,462,10,447,10,418,10,649
100,54,100,41,100,64,100,32,100,62
1000,1,1000,1,1002,1,1000,2,1000,1
1001,2,1001,2,101,52,1002,1,1005,1
1004,1,1005,1,1013,1,1005,1,1007,1
1007,1,1006,1,1016,1,1006,1,1008,1
101,51,1007,2,1017,1,101,32,101,30
1012,2,1008,1,1018,1,1015,1,1010,3
1019,1,101,49,102,53,102,34,1011,1
102,46,1011,2,103,69,1020,1,1012,2
1022,1,1012,1,1033,1,1021,1,1013,1
1023,1,1013,1,1039,1,1023,1,1017,2
1024,1,1014,1,104,41,1024,1,1019,2
1025,2,1015,1,1044,3,1026,1,102,21
1026,1,102,46,1045,2,1027,3,1021,1
1028,2,1021,2,1048,1,1029,1,1022,1
1029,1,1028,1,105,58,103,34,1023,1
103,47,1029,2,1052,1,1033,1,1025,1
1034,2,103,42,1054,1,1034,2,1028,1
1037,1,1032,1,1056,2,1038,1,103,41
104,42,1036,1,1058,5,1039,1,1032,1
1043,1,1037,1,106,65,104,29,1034,1
1045,2,1038,2,1060,1,105,24,1035,1
1046,1,1039,1,1067,1,1050,1,1036,1
1048,1,104,46,1069,1,1055,1,104,33
1049,1,1044,1,107,56,1057,1,1041,1
105,51,1047,1,1071,1,1059,1,1042,1
1050,1,105,53,1072,2,106,25,1043,1
1051,1,1051,1,1073,3,1060,1,1045,1
1053,1,1058,3,1074,1,1061,1,1046,1
1057,1,106,48,1079,1,1063,1,1049,1
106,34,1060,2,108,56,1067,1,105,22
1060,1,1061,1,1085,1,107,18,1051,1
1061,1,1064,1,1087,1,1071,1,1052,2
1065,3,1066,1,1089,1,1072,1,1056,1
1067,1,1067,2,109,57,1076,1,1057,2
107,30,107,40,1090,2,1079,2,1059,1
108,49,1074,2,1091,1,108,25,106,43
1080,1,1076,2,11,373,1082,1,1063,1
1084,1,1078,1,110,49,1084,1,1065,1
1088,1,1079,1,1100,1,1087,2,1069,1
109,41,108,45,1101,1,109,33,107,25
1091,1,1081,1,1103,2,1090,1,1071,1
1092,1,1082,3,1104,1,1092,1,1072,1
11,405,1084,1,111,53,1097,1,1074,2
110,50,1089,1,1110,1,1098,1,1076,2
1105,1,109,56,1112,1,11,395,108,21
1108,2,1090,1,1114,1,110,35,1080,2
111,35,1091,1,1115,1,1100,2,1085,1
1110,1,1092,2,1116,2,1101,1,1087,1
1116,1,1093,1,112,38,1105,3,1089,1
1117,1,1098,1,1120,1,111,35,109,28
112,38,1099,1,1122,1,1113,1,1093,1
1120,1,11,370,1123,1,1116,1,1094,2
1124,1,110,33,1124,1,1117,1,1096,1
1127,1,1100,1,1126,3,112,18,1097,1
1128,1,1102,1,1127,1,1123,1,1099,2
113,45,1107,1,113,60,1124,1,11,313
1130,1,111,43,1131,1,1125,2,110,21
1136,1,1110,1,1132,1,113,41,1100,1
114,44,1113,1,1133,1,1131,1,111,25
1145,1,112,31,1134,1,1134,1,1111,2
1149,1,1120,1,1135,1,1136,1,1116,2
115,34,1121,1,1138,1,114,25,1118,1
1153,1,1122,1,114,42,1143,1,112,41
1158,1,1123,1,1142,2,1145,1,1121,1
1159,1,1129,1,1143,2,1147,1,1122,1
116,33,113,40,1144,1,1148,2,1123,1
1162,1,1130,2,1145,2,115,26,1125,2
1165,1,1132,2,1147,2,1151,1,1127,1
1169,1,1134,2,1149,1,1152,2,113,31
117,43,1137,2,115,49,1153,1,1130,1
1170,1,1138,1,1150,2,1154,1,1131,1
1171,1,114,34,1153,1,1155,2,1132,1
1173,1,1142,2,116,43,1156,1,1135,1
1174,1,1143,1,1163,1,1158,1,1137,1
1179,1,1145,1,1165,1,116,29,114,19
118,39,1147,1,1166,1,1160,1,1143,2
1181,1,1148,1,117,54,1168,2,1144,1
1182,1,1149,1,1173,1,117,32,1149,2
1183,2,115,56,1177,1,1173,1,115,36
1184,1,1150,1,118,49,1174,1,1150,2
119,44,1154,1,1181,1,1177,1,1153,1
1193,1,116,34,1183,1,1178,3,1154,2
1195,1,1160,1,1189,2,118,28,1155,1
12,409,1165,1,119,48,1180,1,1157,1
120,42,1169,1,1191,1,1186,1,1158,3
1203,1,117,33,1193,1,1187,1,1159,1
1206,1,1178,1,1194,2,1188,1,116,38
1207,1,118,47,1196,2,119,26,1161,2
1208,1,1180,1,1198,1,1190,1,1164,1
121,41,1181,1,12,350,1193,1,1166,1
1210,1,1182,2,120,44,1194,1,1167,1
1212,2,1183,1,1203,1,1196,1,1168,1
1214,1,1185,1,1204,1,12,303,117,30
122,34,1187,1,121,45,120,29,1170,1
1220,2,119,39,1213,1,1204,1,1172,1
1222,1,1195,1,1215,1,1205,1,1176,1
1228,1,1199,2,1216,1,1206,1,118,29
123,37,12,367,1217,1,1207,2,1184,1
1230,3,120,42,1219,1,1209,1,1186,1
1237,1,1201,1,122,55,121,41,1189,1
124,45,1202,1,1220,1,1218,1,119,29
1241,1,1204,1,1221,1,122,38,1192,2
1242,1,1209,1,1224,2,1221,1,1193,2
1249,2,121,41,1226,1,1224,1,1195,1
125,28,1212,1,1227,2,1227,1,1197,1
1250,2,1214,1,1229,1,123,25,1198,1
1254,1,1216,1,123,28,1230,1,1199,1
1257,1,1218,1,1230,1,1233,1,12,257
1258,1,1219,1,1231,1,1236,1,120,11
126,30,122,41,124,41,1238,1,1200,1
1267,1,1220,1,1240,1,124,32,1202,1
127,44,1222,1,1242,3,1247,1,1204,1
1271,1,1223,1,1245,1,125,36,1205,1
1273,1,1226,1,1249,1,1254,1,1207,2
1276,1,1229,1,125,38,1255,2,121,36
1278,1,123,45,1252,1,1258,1,1210,1
128,32,1232,2,1253,3,126,30,1216,1
1281,1,1233,1,1255,1,1262,1,1217,1
1285,2,1234,2,126,42,1264,2,122,17
129,25,1237,2,1261,1,1265,3,1220,1
1292,1,1238,1,1263,1,1266,1,1225,1
1293,1,1239,1,1265,1,127,31,1226,1
1296,1,124,42,1266,1,1270,1,1228,2
1297,1,1240,1,127,49,1272,1,123,25
13,368,1242,1,1271,1,1275,1,1234,1
130,53,1245,1,1272,2,128,28,1235,2
1309,1,125,38,1273,2,1280,1,1236,1
131,39,1250,1,1275,1,1286,1,1238,2
1311,1,1255,1,1276,1,1287,1,124,27
1313,1,1256,1,1279,1,1288,1,1240,1
132,36,1257,2,128,45,129,18,1241,1
1321,1,1259,1,1280,1,1290,3,1243,1
1325,1,126,41,1281,1,1292,1,1244,1
133,35,1263,1,1284,1,1293,1,1245,1
1330,1,127,40,1285,1,1295,1,1246,1
1333,1,1271,1,1286,1,1296,2,1248,1
1335,1,1272,1,1287,2,1297,1,125,34
134,25,1276,1,129,41,1298,2,1252,3
1345,1,1277,2,1294,1,1299,1,1259,1
1347,1,1278,1,1297,2,13,292,126,17
1348,1,128,54,1298,1,130,30,1264,1
135,37,1280,1,13,317,1300,2,1267,1
1357,1,1282,1,130,45,1301,1,127,41
136,36,1285,1,1300,1,1306,2,1271,2
1361,1,1286,1,1303,1,1308,1,1272,1
1363,1,129,36,1304,1,1309,2,1274,2
1364,1,1294,1,1307,2,131,28,1276,3
1367,1,1298,4,1308,1,1318,1,128,35
137,31,1299,1,1309,1,132,28,1280,1
1370,1,13,284,131,51,1320,1,1281,2
1374,1,130,34,1310,1,1324,2,1282,1
138,29,1302,1,1311,1,133,19,1283,1
1385,2,1305,2,1313,1,1336,1,1285,1
1386,1,1307,1,1316,1,1338,1,1288,2
139,44,1308,1,1317,1,134,19,129,20
14,357,131,28,1318,1,1343,1,1294,1
140,38,1312,3,132,49,1347,1,1296,1
1402,1,1313,1,1322,1,1348,2,13,475
141,36,132,41,1324,2,135,18,130,24
1410,1,1325,1,1326,3,1350,1,1303,1
1412,1,133,42,1329,1,1351,1,1304,1
1416,2,1332,1,133,45,1354,1,1306,2
1417,2,1336,2,1334,1,1355,2,1308,2
142,31,1339,1,1335,1,1356,2,1309,1
1420,1,134,47,134,45,1357,1,131,28
1423,1,135,42,1340,2,1359,1,1319,1
1426,1,1353,1,1346,1,136,21,132,28
143,32,1354,3,1348,1,1361,1,1321,2
1430,1,1356,1,135,47,1365,1,1323,1
144,31,136,49,1350,1,1369,1,1329,1
1446,1,1361,2,1354,2,137,27,133,31
1449,2,137,42,1355,1,1373,2,1330,1
145,36,1373,1,136,33,1376,1,1331,2
1452,1,1376,2,1361,1,138,30,1337,1
1458,1,1377,1,1363,1,1380,1,1338,1
146,39,1378,1,1367,1,1383,1,1339,1
1460,1,1379,1,137,42,1389,1,134,24
1462,1,138,34,1370,3,139,33,1340,1
1463,1,1388,1,1377,2,1392,1,1347,1
147,37,1389,1,138,38,1396,1,1349,1
1470,1,139,38,1381,2,1397,1,135,21
1474,1,1392,1,1384,2,14,277,1351,1
1475,1,1396,1,1385,1,140,21,1355,1
1477,1,14,259,1388,1,1401,2,1358,1
148,32,140,30,139,45,1402,1,136,24
1480,2,1402,2,1395,2,1404,1,1365,1
1483,2,1406,2,1397,2,1405,1,1367,1
149,29,141,35,1398,3,1408,1,1369,2
1496,2,1410,1,1399,1,141,22,137,36
15,360,1412,1,14,314,1412,1,1373,1
150,32,1417,1,140,41,1416,2,1377,2
151,30,1418,1,1400,2,1417,1,138,12
152,33,1419,1,1402,2,142,22,1381,1
1521,1,142,37,1406,1,1422,1,1382,1
1526,1,1421,1,1407,1,1424,2,1385,1
153,37,1423,1,1409,2,1428,1,1386,3
1530,1,1424,1,141,40,143,26,1388,1
1534,1,1428,1,1411,1,1439,1,139,34
1537,1,143,35,1412,1,144,33,1394,1
154,33,1439,1,1413,1,1442,1,1395,1
1543,1,144,58,1418,2,1445,2,14,246
155,27,1441,1,1419,2,1447,1,140,28
1551,1,1446,1,142,34,145,23,1404,1
1556,1,145,38,1420,1,1451,1,1405,1
156,29,1452,1,1424,1,1454,1,1406,1
1563,3,1454,1,1425,1,1456,1,1407,1
1569,1,1459,1,1426,1,146,24,1408,1
157,27,146,39,143,34,1460,1,1409,1
1573,3,1462,1,1430,1,1464,1,141,24
158,26,1463,1,1433,1,1466,1,142,25
1580,2,147,33,1434,1,1468,3,1424,1
1586,1,1476,3,1435,1,147,28,1425,1
159,36,148,40,1437,1,1476,1,1426,1
1596,2,1486,1,1438,2,1477,1,1429,1
16,326,1487,1,144,37,1478,1,143,20
160,24,149,44,1440,1,148,12,1431,2
1601,1,1490,1,1448,1,1480,1,1434,1
1607,1,1491,1,1449,1,1481,1,144,21
161,26,1493,1,145,38,1486,1,1440,1
162,23,1495,2,1450,1,149,26,1442,2
1623,1,15,244,1453,1,1492,1,1443,1
1625,1,150,48,1454,1,1495,1,1445,2
1628,1,1504,1,1456,2,1496,1,145,30
163,24,151,35,1457,1,1498,1,1458,1
1632,1,1512,1,1459,1,1499,2,1459,1
1635,2,1516,1,146,40,15,215,146,32
164,24,152,36,1462,1,150,20,1461,1
1642,1,1520,2,1463,1,1501,1,1465,1
1644,1,1524,2,1464,1,1507,1,1466,1
1645,1,153,36,1467,1,151,27,1469,1
1649,3,1531,2,147,43,1511,1,147,18
165,33,1535,1,1473,1,1512,2,1472,1
1652,1,1537,1,1474,1,1513,1,1476,1
1658,1,154,32,1475,1,1516,1,1477,1
166,36,1540,1,1476,2,1519,1,148,35
167,28,1542,1,148,54,152,18,1480,1
1671,1,1546,1,1480,3,1526,1,1481,1
1672,1,155,25,1483,1,1527,1,1483,1
168,29,1551,1,1485,1,1528,1,1484,1
1681,2,1555,1,1488,1,153,20,1485,2
1683,1,1556,1,149,47,1530,1,1488,1
169,35,156,39,1490,3,1532,1,149,25
1691,1,1561,1,1492,1,1534,2,1492,1
1694,1,1563,1,1498,1,1537,2,1493,1
1697,1,157,35,15,264,1539,1,1494,1
1698,1,1572,1,150,41,154,25,15,213
17,306,158,32,1500,1,1540,1,150,22
170,30,1580,1,1501,1,1543,1,1501,1
171,24,1581,1,1504,1,1545,1,1502,2
1712,1,1583,1,1509,2,1547,1,1504,1
1715,1,1585,1,151,39,1548,2,1505,2
1716,1,1586,1,1510,3,155,22,1506,1
172,25,159,25,1512,1,1557,1,1507,1
1720,1,1592,1,1515,1,1558,1,1508,1
1724,1,1595,1,1517,1,156,24,151,28
1725,1,16,250,152,31,157,13,1510,1
173,20,160,38,1520,1,158,26,1511,1
1732,1,1608,1,1522,1,1581,1,152,27
174,28,161,35,1524,2,1584,1,1521,1
1742,1,1610,1,1527,2,1588,1,153,17
175,28,1617,1,1528,1,159,25,1535,2
1755,1,1619,3,153,46,1591,1,1536,1
176,22,162,35,1530,1,1593,1,1539,2
177,29,1621,1,1531,1,1594,1,154,18
1772,1,1623,1,1532,1,1597,1,1542,1
1777,1,163,35,1536,1,16,268,1543,1
178,24,1630,1,1539,1,160,13,1548,1
1784,1,1631,1,154,38,1606,1,155,19
1788,1,1633,1,1542,1,1607,1,1551,1
179,26,1636,1,1543,1,1608,1,1555,1
18,341,164,43,1544,1,161,25,1556,1
180,25,1643,2,155,39,1610,1,1559,1
1800,1,1645,1,1557,1,1614,1,156,15
1801,1,165,37,156,33,1616,1,1561,1
1802,2,1650,1,1563,1,162,14,1562,1
1808,1,166,43,1564,1,1622,1,1567,2
181,23,1660,1,1565,1,1625,1,157,33
1814,1,1661,1,157,43,1629,1,1577,1
1819,1,167,36,1571,1,163,32,1578,1
182,24,1672,1,1575,1,1633,1,158,27
183,25,1673,1,1579,1,1634,1,1581,2
1832,2,1676,1,158,50,164,24,1582,3
184,18,1678,1,1581,1,1646,1,1586,1
185,18,1679,1,1584,1,165,16,1587,2
186,25,168,34,1588,1,1650,1,159,33
1861,1,1683,1,159,35,1654,1,1590,1
1863,1,1685,1,1592,1,166,11,1594,1
1865,1,1689,1,1593,1,167,28,1598,1
187,30,169,37,1594,3,1670,1,1599,1
1879,1,17,227,1597,1,1671,1,16,356
188,23,170,39,16,246,1678,1,160,26
1883,1,1706,1,160,25,1679,1,1604,1
189,26,1707,1,1600,2,168,24,1609,1
1893,1,171,41,1606,1,1684,2,161,21
1895,1,1712,1,161,34,1685,1,1615,1
19,295,172,33,1611,3,1686,1,1616,1
190,33,173,30,1614,2,169,27,1617,1
1905,2,1733,1,1617,2,1691,1,1618,1
1908,1,1737,1,162,41,1696,1,162,20
191,22,174,41,1627,1,17,180,1620,1
1917,1,1742,1,163,44,170,23,1621,1
192,18,1745,1,1635,1,1700,1,1626,1
1922,1,1748,3,1636,1,1706,1,1627,2
1923,1,175,29,164,46,1708,1,1628,1
193,29,1755,1,1643,3,171,28,163,22
194,27,176,37,1644,2,1712,1,1630,1
1942,1,1762,1,1648,1,1715,1,1631,1
1949,1,1763,1,165,44,1716,1,164,34
195,29,1764,1,1655,1,1717,1,1640,1
1954,1,1765,1,1657,1,172,31,1644,1
1956,4,1766,2,1658,1,1720,1,1645,1
1957,1,177,29,166,35,1721,1,1648,2
196,17,1777,1,1661,1,1727,1,1649,1
1960,1,178,55,1663,1,1728,1,165,24
1964,1,1780,1,1667,1,173,11,1650,2
1965,1,1781,1,167,38,1734,1,1651,2
1966,1,179,35,1678,1,1736,1,1652,1
1967,1,1797,2,168,31,174,22,1653,1
197,31,18,184,1681,2,1749,1,1656,1
1970,1,180,43,1683,1,175,20,1659,1
198,23,1803,1,1688,1,1750,1,166,31
1982,1,1805,1,169,36,1754,1,167,23
199,27,1809,1,1690,1,1755,1,1670,3
2,4953,181,37,1693,1,1759,1,1671,1
20,296,1811,1,1694,1,176,33,1672,1
200,20,1812,1,1696,1,1761,2,168,19
2001,1,1815,1,1699,2,1764,1,1682,1
2008,1,182,28,17,233,177,22,1686,1
201,21,1823,1,170,38,178,23,1687,1
2011,1,1826,1,1700,1,1780,1,169,25
2013,1,1829,1,1704,1,1785,1,1691,1
2019,1,183,44,1706,1,1788,1,1696,1
202,17,1830,1,171,41,179,20,1697,1
203,22,1832,1,1712,1,18,205,17,185
2030,1,1834,1,1715,1,180,21,170,33
2034,1,184,35,1716,1,1801,1,1700,1
204,24,1844,1,1719,1,1803,1,1706,1
2047,1,1845,1,172,41,181,16,1707,1
205,27,185,41,1722,1,1818,1,1708,1
2052,1,1857,1,1724,1,182,20,1709,1
2055,1,186,34,173,39,183,21,171,16
206,21,1860,1,174,36,1832,1,1713,1
2066,1,1864,1,1740,1,184,26,1714,2
207,15,187,45,1745,1,1842,1,1717,1
2070,1,1872,2,1746,1,1843,1,172,28
2076,1,188,33,175,36,1847,1,1720,1
2079,1,1881,1,1751,1,185,24,1723,1
208,26,1887,1,176,34,1853,1,1724,1
2086,1,189,35,1761,1,1858,1,1727,2
2088,1,1893,1,1768,1,1859,2,173,25
2089,1,1897,1,1769,2,186,21,1732,1
209,21,19,186,177,36,1863,1,1735,1
21,306,190,37,1770,1,1864,1,174,14
210,21,1902,1,1771,1,187,19,1742,1
2105,1,1906,2,1775,1,1876,1,175,16
211,28,1907,2,1777,1,1877,1,1750,1
2113,1,191,30,178,29,188,21,1758,1
212,28,1914,1,1780,1,1880,1,176,28
2122,2,192,30,1788,2,1881,1,1767,1
213,28,1920,1,179,39,1884,1,177,14
2130,1,1924,1,1792,1,1888,2,1772,2
2139,1,193,46,1794,1,1889,1,1777,1
214,22,1934,1,18,211,189,20,1778,1
2142,1,1938,1,180,47,1893,1,178,14
2146,1,194,35,1800,1,1896,3,1782,1
215,30,1941,1,1804,2,1899,1,1784,1
2155,1,195,26,1808,1,19,187,1785,2
2157,1,1953,1,181,49,190,20,1787,2
216,24,1955,1,1810,1,1901,1,1788,1
2161,1,196,38,1812,1,191,24,179,23
2165,1,197,40,1813,1,1914,2,1790,2
2167,1,1975,2,182,21,1918,1,1791,2
217,16,198,33,1820,1,1919,1,1793,1
218,13,1981,1,1821,1,192,24,1798,1
2180,1,1982,1,183,31,1921,1,1799,1
219,14,199,36,1832,1,1928,1,18,142
2194,1,1995,1,1833,1,193,18,180,18
2197,1,2,3261,184,32,1931,1,1806,2
22,234,20,163,1840,1,1932,1,1809,1
220,19,200,35,1841,1,1935,1,181,19
2202,2,2001,1,1845,1,1937,1,1811,1
2203,2,2005,1,1849,1,1939,1,1815,1
221,19,201,34,185,33,194,14,1816,1
2212,1,2014,1,1850,1,1943,1,1817,1
2217,1,2016,1,1851,3,1947,1,1818,1
2218,1,202,39,1853,1,195,18,1819,1
222,26,2020,1,1856,1,1954,1,182,32
2228,2,2022,1,1858,1,1959,2,1826,1
223,17,2024,1,1859,1,196,15,183,17
2236,1,2029,1,186,31,1963,1,1831,1
224,17,203,33,1860,2,197,20,1833,1
2241,1,2031,1,1867,1,1970,1,1834,1
2246,2,2034,2,1869,1,1972,1,1836,1
225,24,2035,1,187,33,1979,1,184,17
226,24,2037,1,1871,1,198,25,1841,1
2265,1,204,45,1874,1,1981,2,1842,1
227,17,2042,1,188,33,1982,1,1847,1
2273,1,2049,1,1882,1,1983,1,185,22
2278,1,205,33,1883,2,199,24,1850,1
2279,1,2052,1,189,31,1998,1,1852,1
228,17,2057,1,1891,1,2,4282,1858,1
2284,1,2058,1,1894,1,20,195,186,19
229,19,206,28,1896,3,200,25,1861,1
2293,1,2060,1,19,227,2006,1,1865,1
2295,1,2061,1,190,29,201,22,1867,1
23,260,2062,2,1904,1,2015,1,1869,2
230,15,2064,1,191,32,2016,1,187,22
2304,1,2066,1,1911,2,2018,1,1871,1
231,25,207,28,192,28,202,25,1874,1
232,12,2073,1,1922,1,2027,1,1875,2
2320,1,208,31,1924,1,2028,1,1879,2
2325,1,2087,1,1929,1,203,22,188,27
233,18,2088,1,193,29,2030,1,1881,1
2332,1,2089,1,1931,1,2039,1,1882,1
234,18,209,29,1932,1,204,19,1885,1
2346,1,2092,1,1934,1,2046,2,1886,1
235,20,2096,1,1935,1,2048,2,1889,1
2351,1,21,171,1936,1,2049,1,189,18
236,14,210,23,1938,4,205,20,19,284
2364,1,2101,1,194,18,2059,1,190,29
237,19,2108,1,1942,1,206,23,1900,1
2371,1,211,34,1944,1,2062,2,1903,1
2373,1,2111,1,195,30,2063,1,1909,1
238,22,212,29,1950,1,207,20,191,17
239,13,2121,1,1957,1,2071,1,1912,1
2394,1,2125,1,196,31,2072,2,1913,1
24,206,2128,1,1968,1,2076,1,1919,1
240,12,213,35,1969,1,2079,1,192,21
2404,1,2134,1,197,28,208,17,1923,1
2408,1,2139,1,1970,1,2083,1,1924,1
241,18,214,38,1975,2,2085,1,1927,1
2414,1,2143,1,198,20,209,25,193,18
242,14,2146,2,1984,1,2095,2,1930,1
243,18,2148,1,199,31,2099,1,1936,1
2436,1,215,27,1992,1,21,165,1938,1
244,18,2154,1,1994,1,210,15,194,23
2444,2,2158,3,1996,1,2100,2,1943,1
2445,2,216,22,1999,1,2106,1,1945,1
2446,1,2164,1,2,3085,211,29,1947,2
2449,1,2165,1,20,194,2115,1,1949,1
245,15,2168,1,200,24,2119,1,195,11
2457,1,217,38,2002,1,212,29,1953,1
246,15,2171,1,2005,1,2129,1,1957,1
2465,1,2177,1,201,24,213,17,196,20
2467,1,218,26,2012,1,2133,1,1962,1
247,15,2184,1,2013,1,2134,1,1963,1
2472,1,2186,1,2015,1,2139,1,197,19
2476,1,2188,1,2016,1,214,18,1971,1
248,18,219,35,2018,1,2142,1,1975,1
249,16,2193,1,2019,1,2144,1,1978,2
25,250,22,195,202,32,2148,2,198,21
250,20,220,27,2023,1,2149,1,1980,1
2502,1,2201,1,203,28,215,28,1985,1
251,18,2203,1,2031,1,2154,1,1987,1
252,13,221,21,204,33,2155,1,1988,1
2520,1,2210,1,2042,1,2158,1,1989,1
2522,1,222,21,2043,1,216,21,199,16
253,15,2226,1,205,28,2160,1,1991,2
2534,1,223,22,2050,2,2164,1,1994,1
254,20,2230,1,206,28,2168,2,1995,1
255,20,2231,1,2067,1,217,16,1998,1
2557,2,2237,1,2069,2,2170,1,2,3544
256,15,224,27,207,32,218,18,20,149
2564,1,2244,1,2072,1,2183,1,200,23
257,15,2247,1,208,32,2188,1,2003,1
2570,1,225,24,2081,1,219,29,2005,1
2571,1,226,34,2083,1,2191,1,2007,1
2578,1,2262,1,2085,1,2195,1,2008,1
258,17,227,17,2088,1,2197,1,201,16
2582,1,2271,1,2089,1,22,159,2014,1
2583,2,2272,1,209,25,220,20,202,19
2589,1,2273,1,2091,1,2201,1,203,24
259,14,228,24,2092,1,221,17,2033,1
2591,3,2283,1,2095,1,2211,2,2035,1
26,230,229,20,2096,2,222,17,204,19
260,20,2290,1,2097,1,223,17,2044,1
2601,1,2292,1,21,187,2230,2,2045,1
2602,1,2293,1,210,25,2232,1,205,12
2608,1,23,167,2100,1,2234,1,2054,1
261,11,230,19,2102,1,2236,1,2058,1
2613,1,2300,1,2105,2,224,11,206,22
2619,1,2302,1,2107,1,2249,1,2061,1
262,18,2304,1,211,25,225,24,2067,1
263,13,2305,1,2112,2,226,26,2068,1
264,10,231,17,2117,1,2266,1,2069,1
2647,1,2316,1,212,26,227,17,207,23
265,24,232,25,2125,1,2273,1,2070,3
2651,1,2320,1,2129,1,2277,1,2076,1
2658,1,2322,1,213,28,2278,2,208,24
266,19,2323,1,2131,1,228,22,2081,1
267,14,233,17,214,19,2280,1,2083,2
268,14,2330,1,2142,1,2284,1,2086,1
269,14,2332,1,215,20,2287,1,2088,1
2693,1,2334,1,2153,1,2289,1,209,31
2696,1,2335,1,2158,1,229,22,2095,1
27,225,234,11,216,27,2290,1,2098,1
270,21,235,20,2163,1,2293,1,2099,1
271,16,2355,1,217,21,2294,1,21,137
2714,2,236,13,2177,1,23,152,210,21
272,27,2360,1,2179,1,230,17,2103,1
273,17,2364,1,218,24,2305,1,2105,1
2735,1,237,25,2180,1,2308,1,2109,1
2739,1,2372,1,2182,1,231,21,211,24
274,11,2373,1,2183,1,232,12,2112,1
275,18,2379,1,2184,1,2322,2,2115,1
2759,1,238,24,2187,1,2325,1,2118,1
276,15,2382,1,2188,1,233,20,212,23
2768,1,239,17,219,17,2331,1,2123,1
277,11,2390,1,2193,1,2338,1,2125,1
278,13,2393,1,2194,1,234,21,213,15
2780,1,2395,1,2196,1,235,20,2133,1
279,16,2396,1,22,200,2357,1,2135,2
28,171,24,145,220,19,236,19,2138,2
280,9,240,25,2200,1,2360,1,214,26
281,17,241,19,2203,1,2367,1,2146,1
2817,1,2412,1,2207,1,237,20,215,27
282,15,2413,1,2209,1,2373,1,2151,1
2822,1,2414,1,221,21,2374,2,2155,1
2829,1,2415,1,2211,1,238,16,2159,1
283,18,242,20,2217,1,2381,1,216,14
284,17,2426,1,2219,1,2384,1,2163,1
2846,1,243,13,222,15,2389,1,2169,2
285,9,2430,1,2222,1,239,26,217,9
2859,1,244,19,2228,1,2395,1,2171,1
286,24,2446,1,223,28,24,154,2172,1
2864,1,245,13,2231,1,240,17,2174,1
287,15,246,19,2232,1,2400,1,2175,2
288,15,2464,1,2236,2,2405,1,218,28
2886,1,2467,1,224,22,2409,1,219,16
2889,1,247,16,2241,1,241,17,2192,2
289,13,2471,1,2242,1,242,22,2199,1
29,210,2473,1,2244,1,243,18,22,245
290,10,2478,1,225,17,2437,1,220,15
2909,1,248,16,2254,1,244,16,221,26
291,14,249,16,2255,1,245,18,2211,1
2910,1,2496,1,2258,1,2450,1,2216,1
292,26,2497,1,226,19,246,19,2218,1
2920,1,2498,1,227,21,2469,1,222,10
293,14,25,144,2271,1,247,16,2225,1
294,8,250,14,2274,1,2472,2,2227,1
295,13,2500,1,2278,1,248,24,2229,1
296,11,2504,1,228,27,2485,1,223,19
2967,1,2506,1,2280,1,249,22,2234,1
297,14,251,14,2281,1,2497,1,2235,1
298,8,2511,1,2282,1,25,135,2238,1
2986,1,2514,1,2285,2,250,15,224,19
299,15,252,21,2287,2,251,17,2241,1
2995,1,2528,1,229,19,252,21,2246,1
2998,1,253,17,2299,1,2521,1,225,13
3,2576,2539,1,23,157,2524,1,2256,1
30,196,254,18,230,17,2528,1,226,18
300,7,2543,1,2308,1,2529,1,2263,1
3001,1,255,11,231,17,253,12,2264,1
301,13,256,22,2310,1,2532,1,2265,1
3016,1,257,14,2318,1,2533,1,2268,1
3018,1,2573,1,232,15,2535,1,2269,1
302,16,258,15,2326,1,254,16,227,16
3025,1,2582,1,233,19,2543,1,228,10
303,16,2583,1,2332,1,2547,1,2284,1
3030,1,2587,1,2336,1,255,21,2285,2
304,7,2589,1,2339,1,2558,2,2286,1
305,20,259,20,234,16,256,21,229,18
306,13,2595,1,2345,1,2560,1,2290,2
307,12,2599,1,2347,1,2563,1,2292,1
308,10,26,142,235,17,2568,1,23,124
309,7,260,21,2355,1,257,10,230,22
31,171,2602,1,236,19,2573,1,2301,1
310,10,2603,1,2360,1,258,22,2306,1
3101,1,2605,1,2361,2,2582,1,2308,1
3106,1,261,16,237,27,259,22,2309,1
311,14,2619,1,2371,1,2592,1,231,16
312,17,262,16,2377,1,2598,1,2310,1
3125,1,2627,1,2378,2,26,129,2311,1
313,13,2629,1,238,16,260,21,2316,1
314,6,263,16,2381,1,2605,1,2319,1
315,10,2630,1,2387,2,2608,1,232,13
3158,1,2632,1,2389,1,261,13,2321,2
316,17,2638,1,239,12,2610,2,2324,1
3161,1,264,16,2391,1,2611,1,2327,1
317,12,2641,1,2398,1,262,16,233,20
3172,1,265,16,24,148,2620,1,2333,1
318,13,2658,1,240,18,2622,1,234,13
319,12,266,17,2402,1,2624,1,235,12
3194,1,2660,1,2403,1,263,13,236,18
3195,1,2661,1,2408,1,2636,1,2364,1
3198,1,2665,1,241,19,264,17,2369,1
32,179,267,14,2411,1,2643,1,237,13
320,16,2679,1,2414,1,2649,1,2370,2
3203,1,268,21,242,22,265,16,238,16
321,14,2681,1,2423,1,2655,1,2382,1
3214,1,2686,1,2424,2,2657,1,2386,1
322,12,269,28,243,18,266,9,239,20
323,11,2692,1,2438,1,2660,1,2391,3
3232,1,2694,1,244,27,2663,1,2396,1
3234,1,2696,1,2443,1,2665,1,2399,1
3236,1,27,137,2449,1,2666,1,24,118
324,3,270,19,245,20,267,17,240,10
3241,1,271,23,2456,2,2678,1,2402,1
325,14,2717,1,246,21,268,20,241,18
326,8,2719,1,2460,1,2685,1,2410,2
3264,1,272,23,247,23,2687,1,2415,1
327,22,273,14,2476,3,269,17,242,19
328,16,2733,1,2477,1,2690,1,2420,1
3285,1,2737,1,248,16,2693,1,2421,2
329,15,274,10,2482,1,2698,1,2422,1
3292,1,2741,1,2485,1,27,138,2425,2
3293,1,2744,1,2489,1,270,18,2428,1
3297,1,275,23,249,14,271,22,243,12
3299,1,276,15,2492,1,2712,1,2432,1
33,183,2767,2,25,151,2714,1,2433,1
330,11,2768,1,250,19,2718,1,2436,1
331,13,277,18,2501,2,272,18,2437,1
332,22,2773,1,2503,1,2729,2,2439,2
3327,2,2776,1,2505,1,273,20,244,15
333,14,2777,1,251,15,274,17,2441,1
3339,1,278,14,2514,1,2741,1,2443,1
334,15,2789,1,2515,1,2743,1,245,25
335,13,279,13,2516,2,275,15,2450,1
336,11,2798,2,2517,1,2755,1,2451,1
3365,1,28,128,252,22,2758,2,2452,1
337,9,280,10,2524,1,276,17,2455,1
3374,1,281,14,253,19,2762,1,2456,1
3375,1,2813,1,2534,1,2764,1,246,11
3377,2,282,18,2537,1,2766,1,2461,1
338,10,2822,1,254,14,277,14,2467,1
339,14,2825,1,2541,1,2771,1,2468,1
34,167,2829,1,2543,1,278,24,247,12
340,12,283,12,2545,2,2781,1,2478,1
3400,1,284,12,2548,2,2784,1,248,25
3405,1,2846,1,2549,1,279,17,2483,1
3409,1,2848,1,255,10,2791,1,2487,1
341,10,285,11,2552,1,28,107,249,11
3413,1,2852,1,2555,2,280,14,2498,1
3416,1,2857,1,2557,1,2807,2,25,235
3417,1,286,11,256,20,281,23,250,18
342,13,2864,1,257,13,282,22,2508,1
3421,1,287,10,2570,1,283,22,251,19
343,12,288,15,2573,1,2831,1,2511,1
344,12,2889,1,2575,1,2835,1,2514,1
345,11,289,18,258,13,2839,1,252,5
3453,2,2895,1,2585,1,284,14,2529,1
346,10,29,113,259,13,2848,1,253,8
347,12,290,13,2592,1,285,11,2533,1
3470,1,2900,1,2597,1,2851,1,2537,1
3475,1,291,23,26,142,286,21,2538,1
348,7,2915,1,260,10,2863,1,254,24
349,12,292,14,2600,1,2867,1,2546,1
35,155,2922,1,2601,1,287,16,255,17
350,17,293,18,2602,1,2875,1,256,18
351,16,2939,2,2606,1,288,22,2569,3
352,14,294,25,2609,1,289,17,257,29
353,13,2942,1,261,20,2893,2,2573,2
3531,1,2946,1,2610,1,2899,1,2577,2
354,10,295,15,2616,1,29,132,258,14
355,14,2950,1,2617,1,290,13,2586,2
356,12,296,17,262,9,2900,1,2588,1
357,18,2960,1,2629,1,291,21,259,11
3574,1,297,16,263,19,292,18,2591,1
358,13,2973,1,2632,1,2926,1,2595,1
359,19,298,18,264,20,293,13,2596,1
36,127,2982,1,2643,1,2930,1,2597,1
360,18,299,12,2645,1,294,11,26,95
3605,1,2995,1,2648,1,295,9,260,23
361,11,2996,1,265,13,2959,1,2601,1
3612,1,3,1783,2651,1,296,20,2608,1
362,12,30,135,266,20,2961,2,261,18
3624,1,300,16,2661,1,2968,1,2612,1
363,10,3006,1,2663,2,297,16,2615,1
3632,1,301,13,267,13,2972,1,2619,1
364,12,3012,1,268,20,2979,1,262,12
365,11,3014,1,2687,1,298,17,2621,1
366,2,3016,1,269,14,2984,1,263,20
3666,1,3018,1,2692,1,2986,2,2635,1
3669,1,3019,1,2697,1,299,22,2639,1
367,1,302,12,27,122,3,2147,264,14
368,2,3027,1,270,24,30,128,2641,1
3685,1,303,13,271,10,300,15,265,15
369,1,3033,1,2717,1,3009,1,266,15
3692,1,304,14,272,13,301,12,2667,1
37,162,305,15,2723,1,3017,1,2668,1
370,2,3052,1,2727,1,302,15,2669,2
3709,1,3057,1,273,14,3021,1,267,11
372,2,306,28,2732,1,303,13,2672,1
3725,1,307,11,2734,1,3030,1,2678,1
3736,1,308,8,2735,2,304,16,268,20
374,1,3083,1,274,22,305,15,2680,1
375,2,3084,1,2744,1,3055,1,2684,1
3755,1,309,14,275,15,3059,1,269,13
376,1,3094,1,2752,1,306,15,2694,1
377,1,31,122,276,12,3065,1,2695,2
3781,1,310,17,2766,1,3069,1,2699,1
3784,1,3102,1,2769,1,307,18,27,117
38,121,311,15,277,18,3075,1,270,12
380,2,3110,1,2779,1,3079,1,2700,1
381,1,3112,1,278,15,308,19,271,19
382,1,3113,1,2780,1,3081,1,2713,1
3823,1,3117,1,2782,2,3088,1,2714,1
3825,1,312,8,2783,1,309,17,272,23
383,1,3123,1,2787,1,3090,1,2720,1
385,2,313,16,2789,1,3091,1,2724,1
386,3,3138,1,279,15,3092,1,2728,1
388,2,314,12,2792,1,3094,1,2729,1
3882,1,315,13,2793,1,3095,1,273,7
389,3,316,12,2794,1,31,99,2739,1
39,122,317,16,2796,1,310,23,274,11
390,1,3170,1,2798,1,3100,1,2740,1
391,1,3178,1,28,110,3101,1,2748,1
393,1,318,14,280,14,311,20,2749,1
395,2,3189,1,2802,1,3112,1,275,20
396,3,319,16,281,14,3118,1,2759,1
3964,1,32,118,2812,1,312,10,276,14
397,1,320,13,2819,1,313,17,2762,2
399,4,321,13,282,22,3134,1,2764,1
4,1729,3211,1,2820,1,314,16,2766,1
40,139,322,11,2827,1,3145,1,277,19
400,2,3223,1,283,18,3147,1,2775,1
4015,1,3225,2,2830,2,315,22,2776,1
402,1,323,19,2832,1,316,16,2777,1
4025,1,324,17,2834,1,3169,1,278,25
4026,1,325,9,284,18,317,13,2788,1
403,1,3251,1,2843,2,3178,1,2789,1
405,2,326,13,2847,1,318,13,279,13
4052,1,3268,1,2848,1,319,15,2791,2
4058,1,327,13,285,19,3198,1,2795,1
406,4,328,12,2851,1,32,95,2797,2
407,1,3283,2,2855,2,320,7,2798,2
408,2,3287,1,286,14,3206,1,28,195
4085,1,329,20,2860,1,3207,1,280,12
409,2,33,117,2865,1,3208,1,2805,1
4099,1,330,13,287,13,321,25,2806,1
41,117,3303,1,288,13,3218,1,2808,1
4102,1,3306,1,289,10,322,17,281,15
411,1,331,24,2891,2,3220,1,2814,2
412,1,3313,1,2893,2,323,25,2816,1
413,1,3315,1,2897,1,324,14,282,10
414,1,332,16,29,132,3242,1,2823,1
4146,1,3323,1,290,14,325,23,2826,1
415,1,333,14,2905,4,3256,1,2828,1
416,1,3333,1,291,15,3259,1,283,22
418,1,334,12,2910,1,326,19,2831,1
4188,1,3342,1,292,13,3261,1,284,11
42,102,335,23,2920,1,3263,1,2842,1
420,1,336,15,2923,1,327,16,285,12
421,2,337,12,2924,1,3274,1,286,18
4211,1,3378,1,2929,3,328,12,2865,1
4215,2,3379,1,293,13,3280,1,287,6
422,1,338,12,294,18,3289,1,2870,1
424,1,3385,1,2940,1,329,8,2875,1
4244,1,3387,1,2945,1,3292,1,2878,1
4245,1,339,11,295,20,3294,1,2879,1
425,1,34,127,2959,1,33,98,288,12
4256,1,340,16,296,12,330,15,289,15
426,2,3402,1,2963,1,331,16,2894,1
4271,1,341,14,297,15,332,14,2895,1
428,1,342,10,2978,1,333,18,2898,1
429,2,3420,1,298,12,334,15,29,101
4293,1,343,17,2982,1,3343,1,290,13
43,133,344,23,299,17,335,20,2902,1
4309,1,3440,2,3,1763,336,20,2907,1
431,3,3448,1,30,127,3360,1,291,17
432,2,345,13,300,18,337,10,292,16
4327,1,346,12,3000,1,338,12,2929,2
433,1,347,9,3006,2,3380,1,293,17
4335,1,348,14,3009,1,3384,1,2937,1
434,4,3484,1,301,16,3389,1,294,14
4349,1,3485,1,302,15,339,17,2940,2
435,3,3486,1,3029,1,3392,1,295,16
436,2,3488,1,303,10,34,83,2950,1
4362,1,349,10,3037,2,340,15,2953,2
438,1,3497,1,304,16,3403,1,2956,1
439,3,35,105,3041,1,3406,2,296,15
44,124,350,17,3043,2,341,17,2963,2
440,1,3500,1,3045,1,3411,2,2965,2
4403,1,351,14,3049,1,3412,1,297,11
443,1,352,9,305,12,3418,1,2972,1
4430,1,3529,2,3050,1,342,13,2974,1
445,2,353,20,3054,1,343,13,298,19
4455,1,3532,1,3055,2,344,14,2984,1
4461,1,3535,1,3057,1,3441,1,2989,1
447,2,3537,1,306,10,3443,1,299,11
4471,1,3539,1,3060,1,3446,1,3,1822
448,2,354,8,307,13,3448,1,30,88
4486,1,3542,1,3071,1,345,12,300,12
4487,1,355,10,308,12,3451,1,3001,1
449,2,356,14,3080,1,3454,1,3003,1
4492,1,3569,1,309,13,346,16,301,16
4495,1,357,17,3091,1,3467,1,3010,1
45,111,3571,1,3092,1,347,16,3011,1
450,3,3577,1,3096,1,3473,1,3015,2
4509,1,358,7,31,140,3475,1,3018,1
451,3,3581,1,310,15,3478,1,3019,1
4510,1,359,9,3100,1,348,23,302,7
4518,1,3590,1,3102,1,3483,1,3026,2
452,4,3595,1,311,16,3484,1,3028,1
453,3,36,110,3113,2,349,15,303,14
455,1,360,12,3114,1,3490,1,3034,1
4561,1,3606,1,312,11,35,95,3037,1
4564,1,361,11,3120,1,350,13,3038,1
4576,1,3613,1,3125,1,351,13,304,11
4586,1,362,15,313,16,352,5,3040,1
4591,1,3622,1,3138,1,353,13,3047,1
46,102,363,13,314,19,3532,1,305,5
460,1,3639,1,3140,3,3533,1,3055,1
4616,1,364,16,3143,1,3537,1,3057,3
4617,1,3646,1,3147,1,354,9,306,12
463,2,365,14,315,22,3546,1,3062,1
4643,1,366,5,3150,1,355,12,3063,1
465,2,3663,1,3154,1,3554,1,3067,1
4656,1,367,1,3155,1,3556,1,307,15
466,2,3674,1,316,9,356,13,3077,2
467,3,3677,1,317,18,3563,1,308,17
4672,1,368,1,3170,1,357,15,3081,1
468,1,3686,1,3171,2,3575,1,3084,1
4688,1,369,3,3173,1,358,12,309,16
469,2,3691,1,3174,1,359,16,3093,1
4692,1,3696,1,318,11,36,74,3096,1
47,121,3697,1,319,9,360,15,3098,1
470,1,3698,1,3194,1,3600,1,31,163
4706,1,37,101,32,121,3605,1,310,18
4707,1,370,2,320,13,3609,1,3101,1
472,1,3704,1,3201,1,361,15,3102,1
4732,1,371,1,3202,1,3611,1,3103,1
474,3,3715,1,321,16,362,8,3106,2
4752,2,372,2,3212,1,363,13,3109,1
4755,1,3723,1,322,22,364,12,311,10
477,1,373,4,3224,1,365,14,3110,1
4780,1,3733,1,3226,1,3655,1,312,16
479,1,3736,1,323,9,3656,1,3122,2
4798,1,3754,1,3237,1,3657,1,3125,2
48,121,3758,1,324,17,366,1,313,16
480,3,376,4,3241,1,368,4,3131,1
4802,1,3769,1,325,10,3682,1,3132,1
4819,1,377,1,3256,2,3687,1,3134,1
482,1,378,1,326,24,369,4,3138,1
4829,1,3782,1,3260,1,3692,1,314,12
483,2,379,1,327,23,3696,1,315,10
4832,1,38,98,3275,1,3699,1,3156,1
484,2,380,1,3276,1,37,93,3159,1
4845,1,3808,1,328,11,370,3,316,13
485,1,3814,1,3287,1,3702,2,3162,2
4854,1,382,2,3289,1,3705,1,3163,1
486,2,3821,1,329,9,371,2,317,13
4869,1,383,2,3293,1,372,3,3177,2
487,1,3833,1,3295,1,3729,1,318,19
489,2,3834,1,3299,1,373,3,3189,1
49,121,385,1,33,125,3738,1,319,21
490,2,386,1,330,18,374,2,3194,1
4903,1,3870,1,3306,1,3745,1,3196,2
492,1,388,3,331,19,375,4,3199,1
4923,1,3892,1,3312,2,3755,1,32,68
493,2,3894,1,332,12,3758,1,320,9
4937,1,39,107,3320,2,376,3,3200,1
4950,1,390,2,3324,1,3760,1,3206,1
4957,1,3904,1,333,17,377,2,321,20
4965,1,391,1,3336,1,378,4,3212,1
498,2,3924,1,334,12,3780,1,322,26
4987,1,394,1,3341,1,379,2,3220,1
499,1,3945,1,3345,1,38,69,323,5
5,1132,395,3,335,12,380,3,324,23
50,109,3954,1,3356,1,3803,1,3240,1
502,2,3955,1,3359,2,3807,1,3242,1
5038,1,396,2,336,10,381,3,3246,3
504,2,397,1,3362,1,3813,1,3248,1
5046,1,398,1,337,15,3816,1,3249,1
5050,1,3988,1,3376,1,382,2,325,21
5057,1,399,2,338,15,3827,1,3259,2
507,1,4,1223,339,14,383,5,326,10
508,1,40,81,3390,1,3839,1,3261,1
5084,1,4002,1,3394,1,384,2,327,12
509,2,4005,1,34,133,3843,1,3270,1
51,102,4007,1,340,14,3848,2,3276,1
5103,1,401,2,341,13,3849,1,328,24
5124,1,4016,1,3418,1,385,3,3283,1
5130,1,402,3,3419,1,386,4,329,5
5147,1,405,1,342,15,3865,1,33,77
515,2,4064,1,3424,1,3869,1,330,15
517,1,4067,1,3425,1,388,2,3304,1
5188,1,407,1,343,17,3882,1,331,17
519,2,4078,2,344,12,389,1,3310,1
52,104,408,2,3447,1,39,91,3311,1
521,3,4082,1,345,18,390,1,332,3
5218,1,4083,1,3453,1,391,4,3329,1
522,2,409,1,346,12,3913,1,333,17
5226,1,41,92,3468,1,392,2,3333,3
525,1,410,3,347,10,3922,1,3335,1
527,1,4105,1,3477,1,393,3,3336,1
5275,1,411,1,348,21,3930,1,3338,1
528,1,412,1,349,13,3934,1,334,18
5284,1,4129,2,3494,1,3938,1,3341,1
529,2,415,1,35,115,394,2,335,3
53,105,4153,1,350,16,3944,1,3352,1
5303,1,417,1,3501,1,395,4,3358,1
5304,1,4179,1,3508,1,396,2,336,25
531,1,418,2,351,11,3965,1,3361,1
532,1,4186,1,352,9,3967,1,3365,2
5327,1,4188,1,3524,1,397,1,3368,1
5335,1,4189,1,353,12,398,3,3369,1
534,1,419,2,3532,1,3980,1,337,16
5366,1,4197,1,3539,1,399,4,3370,1
5377,1,42,95,354,16,3990,1,338,6
54,97,4205,1,3544,1,3996,1,3381,1
5407,1,421,1,3547,1,3997,1,3383,1
5408,1,4215,1,3548,1,4,1428,339,21
542,1,423,1,355,9,40,87,34,153
5432,1,424,3,3554,1,4000,1,340,12
5438,1,4240,1,3555,1,401,2,3401,1
544,1,4248,1,3557,1,402,1,3411,1
545,1,425,2,356,12,403,6,3412,1
546,2,426,1,3560,1,4032,1,3419,1
547,1,427,2,357,17,404,1,342,20
548,1,4275,1,3573,1,4050,1,343,17
549,2,428,1,3577,2,4056,1,3431,1
55,82,4287,1,358,10,4058,1,344,5
550,2,4296,1,359,16,4061,1,3443,1
551,1,43,99,3597,2,4068,1,3448,1
5523,1,430,2,36,105,407,1,345,19
553,1,431,3,360,11,4070,1,3450,1
5534,1,432,4,361,18,4077,1,3454,1
554,2,433,1,3612,1,408,1,346,12
557,1,4338,1,3614,1,4081,1,3461,1
5581,1,4342,1,362,12,409,1,347,10
56,95,4343,1,363,7,4091,1,3471,2
560,1,435,2,364,15,4092,1,3478,1
5602,1,4358,1,365,11,41,77,348,18
562,1,436,3,3656,2,410,3,3480,1
5629,1,437,1,3660,1,4107,1,349,15
564,1,438,1,3666,1,411,2,3493,1
565,2,439,1,3668,1,4111,1,3496,1
5650,1,44,84,367,2,412,2,3499,1
567,2,441,1,3670,1,4120,1,35,59
568,2,4410,1,3674,1,413,2,350,4
5681,1,442,1,3675,1,414,2,3504,1
5686,1,444,2,368,2,4149,1,351,22
569,1,445,1,369,2,415,1,3510,1
57,111,4454,1,3694,1,4155,1,3516,2
572,2,446,1,37,118,4160,1,352,9
573,1,447,1,370,1,4161,1,3526,2
575,2,4482,1,371,2,417,4,353,3
577,4,4488,1,372,1,4174,1,3537,1
5772,1,4497,1,3725,1,4178,1,3539,1
578,3,45,89,3726,1,418,3,354,28
579,1,450,2,3727,2,4181,1,3542,1
58,91,4505,1,373,3,4189,1,3543,2
580,1,4509,1,374,3,419,4,3544,3
581,1,451,2,375,1,4190,1,355,6
5811,1,4513,1,376,2,4197,1,3552,1
5813,1,453,1,3765,1,42,61,3554,3
5822,1,4539,1,3768,1,420,4,356,2
584,1,454,1,377,1,4205,1,3560,1
585,1,4549,1,3775,1,421,1,3565,1
5856,1,455,1,3776,1,422,1,357,26
587,2,4550,1,3778,1,423,1,358,1
5884,2,4551,1,378,3,4237,1,3580,1
5886,1,4564,1,3780,1,4239,1,359,3
5894,1,4566,1,379,3,424,5,3596,1
59,95,4579,1,3794,2,4247,1,3599,1
590,1,459,1,38,120,425,1,36,75
591,1,46,102,3802,1,426,2,360,17
5913,1,460,1,3803,1,4265,1,3601,1
595,1,4607,1,381,3,427,3,3605,1
5968,1,462,2,382,2,428,2,361,11
597,1,463,1,3823,1,4281,1,362,5
5970,1,4667,1,383,3,4288,1,3623,1
5987,1,4668,1,3838,1,429,2,3624,1
5994,1,4669,1,3854,1,4296,1,3625,1
6,881,467,1,3855,2,43,60,363,28
60,98,4675,1,3863,1,430,2,3633,1
600,1,4679,1,3866,1,4317,1,3634,1
6001,1,468,1,3872,1,432,1,3635,1
6009,1,47,89,3879,1,4321,1,364,4
6024,1,470,1,388,2,433,2,3640,1
6028,1,4702,1,3886,1,4330,1,365,2
6029,1,4706,1,3889,1,434,1,3656,2
603,1,471,3,389,2,4341,1,3657,1
606,1,4712,1,39,95,435,2,3659,1
6075,1,4713,1,3900,1,4354,1,366,1
608,1,472,1,391,2,436,1,3662,1
6085,1,4720,1,3914,1,4360,1,3663,1
609,1,4728,1,3936,1,437,2,367,2
61,78,473,1,394,1,4372,1,3675,1
611,2,474,2,3947,2,438,3,368,1
6123,1,4753,1,395,5,439,2,3681,1
614,2,476,1,3950,2,4391,1,369,4
6151,1,477,2,396,4,44,65,3692,1
616,1,478,1,3961,1,440,2,3693,1
6170,1,4794,1,3964,1,441,2,3695,1
6173,1,48,76,397,2,442,4,3697,1
62,88,480,2,3979,1,4421,1,3699,1
621,2,481,2,398,1,4422,1,37,131
623,2,482,2,3998,1,443,4,370,1
6239,1,4822,1,4,1200,444,1,3703,1
6244,1,483,1,40,100,445,2,3705,1
625,1,4831,1,400,3,446,4,3706,1
6260,1,4836,1,4006,1,4467,1,371,3
627,1,484,1,401,2,447,5,3716,2
629,1,4845,1,4019,1,448,3,3718,1
63,64,4868,1,402,1,449,1,372,4
631,2,487,1,4027,1,45,63,3720,1
6310,1,4881,1,403,2,450,2,3722,3
632,1,49,76,404,1,451,1,373,2
6327,1,490,1,405,3,452,2,3737,1
634,1,4904,1,406,2,4526,1,374,1
6342,1,4912,2,4060,1,453,1,3743,1
6350,1,492,2,4064,1,4548,1,3748,1
637,1,4923,1,407,1,455,5,3757,1
64,79,493,1,408,1,4552,1,376,2
640,2,494,2,4088,1,456,1,3761,2
6428,1,4946,1,409,2,457,9,3762,1
6430,1,495,1,4091,1,458,5,3768,1
644,2,496,1,4094,1,459,11,3769,1
6453,1,4989,1,4098,1,46,73,377,1
6456,1,4990,1,41,115,460,18,3772,1
647,1,5,999,410,2,4602,1,3773,1
648,1,50,78,4102,1,461,2,378,1
649,1,500,1,411,2,4619,1,3780,1
6497,1,5006,1,412,2,462,2,3783,1
65,71,501,1,4124,1,463,2,3784,1
650,1,5014,1,413,4,464,2,3785,1
651,1,502,1,4130,1,465,2,379,4
6510,1,5028,1,414,4,4654,1,3790,1
6526,1,503,1,4142,1,466,1,3791,1
653,1,5031,1,4145,1,467,1,38,73
654,2,504,2,4160,1,468,1,3805,1
655,1,5043,1,4167,1,4680,1,3809,1
6551,1,5045,1,4173,1,4687,1,381,1
657,1,505,1,418,2,47,72,3812,1
659,1,506,2,4182,1,470,1,3815,1
6596,1,507,1,419,1,4703,1,3816,1
66,78,5070,1,4196,1,471,3,3817,1
660,1,5075,1,42,107,4710,1,382,3
6603,1,5085,1,420,1,473,2,3828,1
661,1,509,1,4205,1,474,1,383,5
6621,1,5098,1,4206,1,4744,1,3830,1
6632,1,51,83,421,1,475,2,384,1
664,2,512,1,4215,1,4753,1,3840,1
6642,1,513,2,4216,1,476,1,3844,1
6646,1,514,1,422,1,477,1,385,1
6647,1,5152,1,4225,1,4775,1,386,2
6648,1,516,1,4226,1,478,1,3865,1
666,1,5161,1,423,1,4791,1,3867,1
6662,1,5165,1,4233,2,48,63,387,1
6663,1,517,1,4234,1,480,2,3870,1
6668,1,5175,1,4243,2,4806,1,3872,1
6672,1,5176,1,4244,1,4808,1,3874,1
6673,1,518,1,4245,1,481,1,388,1
6676,1,5187,1,425,2,4816,1,3882,1
6680,1,5188,1,4252,1,4817,2,3886,1
6687,1,519,2,4253,1,482,4,389,3
669,2,5198,1,4254,1,483,1,3891,1
6692,1,52,62,4259,1,4831,1,3893,2
67,75,520,1,4267,1,4839,1,3898,1
6704,1,5212,1,427,2,4845,1,3899,1
6707,1,522,1,4271,1,485,1,39,70
671,2,5225,1,4275,1,4858,1,390,1
6710,1,523,1,428,1,4860,1,3901,1
6713,2,5230,1,4284,1,487,1,3907,1
6719,1,524,3,4288,2,4878,1,391,2
672,1,525,1,429,1,4880,1,3911,1
673,1,5255,1,4292,2,489,2,3912,1
6731,1,527,1,4299,1,49,64,3915,1
6733,1,529,1,43,94,490,1,392,1
6736,1,53,71,430,1,491,1,3926,1
674,1,531,1,4303,1,4912,1,393,1
6742,1,533,2,431,1,492,2,3932,1
675,1,534,2,4319,1,493,3,3936,1
6750,1,535,2,432,1,495,2,3937,1
6754,1,538,1,4329,1,496,2,394,4
6757,1,5384,1,433,1,4966,1,3944,1
6760,2,5387,1,4338,1,4980,1,3947,1
6768,1,539,3,434,2,4986,1,3964,1
6778,2,5390,1,4348,1,5,1040,3969,1
678,1,5397,1,435,2,50,77,397,2
6782,1,54,66,436,2,5011,1,3977,1
6783,1,5408,1,437,3,502,1,398,3
6789,1,541,1,438,3,5021,1,399,1
679,1,5415,1,4385,1,5022,1,3996,1
68,74,5418,1,4392,1,503,1,4,2178
680,2,543,2,44,75,5033,1,40,147
6802,1,5432,1,440,1,504,1,400,1
6805,1,544,1,441,1,5048,1,4001,1
6807,1,545,1,442,2,5065,1,4006,1
6811,2,546,2,4424,1,507,2,401,2
6813,1,5468,1,443,1,509,3,4017,1
6818,1,547,2,4433,1,51,69,402,1
682,1,548,1,4438,1,510,1,4021,1
6827,1,5483,1,444,1,511,1,4030,1
6828,1,549,3,4447,1,5119,1,4039,1
6830,2,55,69,4451,1,512,1,404,1
6834,1,550,2,446,1,5124,1,4040,1
6835,2,551,1,4460,1,513,4,4043,1
6841,1,5514,1,4462,2,514,1,4046,1
6846,1,5515,1,4469,1,515,1,4051,1
6848,1,5520,1,447,1,516,1,406,2
685,2,554,1,448,1,5178,1,4067,1
6854,1,556,3,449,5,518,1,4069,1
6855,1,557,3,45,83,519,2,407,2
6858,1,559,1,450,4,5196,2,4071,1
6862,1,56,55,452,2,52,62,4073,1
6866,2,560,1,4525,1,520,1,4077,1
6867,1,561,2,4529,1,5208,1,4081,1
6869,2,5623,1,453,5,521,2,4082,1
6873,1,5629,1,4537,1,522,1,4086,1
6876,1,564,1,454,1,5231,1,4087,1
6877,1,5647,1,4542,1,524,1,409,2
688,1,565,3,4548,1,5248,1,41,64
6880,1,5657,1,455,2,525,4,410,2
6883,1,566,1,4562,1,5287,1,4100,1
6884,1,567,1,4569,1,529,1,4101,1
689,1,5670,1,4577,1,5292,1,4104,1
6895,1,568,2,4578,1,53,58,4107,1
69,85,5686,1,458,1,530,3,4108,1
6904,1,57,76,46,99,5303,1,411,2
6917,1,571,2,460,5,5306,1,4112,2
692,2,572,1,4601,1,5314,1,413,1
6921,1,5721,1,461,2,532,1,4134,1
6923,1,5728,1,4610,1,5329,1,4135,1
6935,1,574,1,462,2,533,1,414,4
6937,1,575,2,4622,1,534,2,4140,1
6938,1,576,1,4623,1,535,2,4143,1
6942,1,577,2,463,3,5354,1,415,2
6944,1,579,1,4637,1,538,1,4150,1
6946,1,58,70,464,2,539,1,416,2
6948,1,580,2,4642,1,5392,1,4169,1
6949,1,5807,1,4647,1,54,69,417,2
695,1,581,1,465,1,540,1,4175,1
6956,1,582,1,4656,1,541,2,4179,1
6958,1,5823,1,466,1,5411,1,418,3
696,1,583,1,467,1,5418,1,419,5
6962,1,5837,1,4683,1,5419,1,4190,1
6967,1,584,1,4685,1,543,1,4192,1
6969,3,5847,1,4695,1,5435,1,4198,1
697,1,586,2,47,92,5441,1,42,62
6972,1,587,2,4702,1,545,1,420,4
6977,1,5883,1,4744,1,5455,1,4201,1
698,1,5888,1,475,2,546,1,4202,1
6982,1,589,1,476,4,547,4,4208,1
6985,1,59,80,477,1,5478,1,421,5
6991,1,591,3,478,2,548,2,4213,2
6997,1,592,1,479,1,5486,1,4215,1
6999,1,594,3,48,82,549,1,422,2
7,699,595,1,480,1,55,53,4224,1
70,81,598,2,4816,1,550,1,423,1
700,1,6,745,4822,1,552,3,4230,1
701,1,60,63,483,2,5529,1,424,4
7011,1,600,1,4831,1,5530,1,4249,1
7013,1,601,2,485,1,554,1,425,3
702,1,6014,1,4859,1,555,1,4258,1
7020,1,602,1,486,2,5553,1,4259,1
7021,1,6029,1,487,3,556,1,426,1
7022,2,603,2,4871,1,5564,1,4262,1
7027,1,606,1,488,1,557,1,4263,1
7028,1,607,2,4880,1,5575,1,4264,1
7030,3,6099,1,4885,1,558,1,427,3
7031,1,61,66,4888,1,559,1,4273,1
7032,1,612,1,489,2,5592,1,4279,1
7036,1,613,1,4898,1,56,52,428,3
7039,1,6132,1,49,70,560,2,4280,2
7040,1,6147,1,4915,2,5607,1,4282,1
7051,1,615,1,492,2,561,2,4284,1
7055,1,6158,1,4921,1,562,3,4285,3
7056,1,616,1,493,4,5629,1,429,1
7059,1,617,1,4939,1,563,1,4290,1
706,1,619,1,4944,1,564,1,4294,1
7060,1,6192,1,495,3,5644,1,4299,1
7062,1,62,67,4953,1,565,2,43,124
7063,1,6203,1,496,2,5669,1,4300,2
7064,1,621,2,4967,1,567,1,4304,1
7067,3,6218,2,497,1,5672,1,4306,1
707,1,6255,1,4979,1,568,1,4307,1
7075,1,627,1,498,2,569,2,431,3
7076,1,6275,1,4995,1,5696,1,4313,1
7078,1,628,1,5,961,57,75,4314,1
7081,1,629,1,50,88,570,2,4315,1
7082,1,63,53,500,1,5707,1,432,2
7083,1,632,1,5005,1,5714,1,4320,1
7086,2,633,1,5008,1,5717,1,4333,1
709,1,6344,1,501,1,5732,1,434,2
7093,1,635,1,5019,1,5733,1,435,1
7096,1,6350,1,502,2,574,3,436,3
7097,1,636,1,5020,1,5744,1,4363,1
7099,1,6360,1,5022,1,5748,1,4365,1
71,70,637,1,5025,1,576,2,4367,1
7107,1,6374,1,5029,1,5760,1,437,2
7109,1,6377,1,503,1,5773,1,4372,1
711,1,6396,1,504,2,5776,1,438,1
7116,1,64,62,5041,1,578,1,4385,1
7117,1,640,1,5057,1,5781,1,439,2
7118,1,6403,1,506,3,5788,1,4395,1
712,1,641,1,5061,1,579,1,44,57
7120,1,6411,1,5066,1,5790,1,440,3
7122,1,642,1,5068,1,58,65,4405,1
7123,1,6433,1,507,3,580,1,441,1
7124,1,644,1,509,1,581,1,4411,1
713,1,645,1,51,79,5810,1,442,1
714,1,6460,1,510,1,583,2,443,3
715,3,647,1,511,1,5832,1,4435,1
718,1,648,3,5113,1,584,2,4437,2
72,68,6481,1,5120,1,585,2,444,1
720,1,649,1,5127,1,5852,1,4443,1
722,1,65,69,513,1,587,1,4449,1
724,3,650,3,5142,1,588,3,445,5
727,1,6513,1,515,1,5894,1,4459,2
728,2,6517,1,516,1,59,69,446,6
729,2,652,1,5164,1,590,1,447,2
73,61,6521,1,5167,1,5900,1,4470,1
734,2,6528,1,517,2,593,1,4474,1
736,1,654,1,518,1,5931,2,448,2
739,1,655,1,5194,1,5934,1,4480,1
74,61,6555,1,5196,1,594,1,4482,1
746,1,657,1,5197,1,595,2,449,1
747,1,6574,1,52,73,5953,1,4490,1
748,2,658,1,520,3,5956,1,45,58
75,63,659,1,521,1,596,1,450,3
751,1,6591,1,5217,1,5965,1,4500,1
754,3,66,69,522,1,5966,1,4509,1
758,1,660,2,5220,1,5973,1,451,1
76,60,6605,1,5222,2,598,2,4513,1
762,2,6611,1,523,1,5984,1,4516,1
764,2,662,1,5231,1,5988,1,4518,1
768,1,663,1,5238,1,5993,1,4524,1
769,1,664,1,524,3,6,739,4528,2
77,61,6647,1,525,2,60,49,453,1
776,1,6656,1,526,2,6001,1,4533,1
778,1,6661,1,5267,1,601,1,454,5
779,2,668,1,527,1,602,3,455,1
78,56,669,1,528,2,6025,1,4550,1
782,1,6698,1,529,2,6043,1,456,3
784,2,67,64,5290,1,6048,1,4561,1
788,1,670,1,53,83,6070,1,457,3
789,1,6706,1,5301,2,6071,1,4572,1
79,61,671,1,531,2,608,1,4573,1
796,2,672,2,5319,1,6083,1,4575,1
797,2,674,2,532,4,609,2,4578,1
799,2,676,1,5320,1,6091,1,458,1
8,572,6766,1,5321,1,6096,1,4580,1
80,60,677,1,5324,1,61,49,4582,1
800,2,6770,1,5328,1,610,2,4585,1
801,1,678,1,533,1,611,1,4586,1
802,1,6781,1,535,1,612,1,4587,1
803,1,6783,1,536,1,6122,1,459,1
805,1,6785,1,5361,1,613,2,4590,1
807,1,6788,1,5376,1,6138,1,4593,1
81,65,68,58,5378,1,614,2,4596,1
810,1,680,1,538,1,616,3,4599,1
811,3,6804,1,5380,1,619,1,46,96
813,1,6806,1,5391,1,6199,1,4605,1
815,1,6808,1,54,87,62,44,4607,1
816,1,6811,1,540,1,621,1,4620,1
818,2,6815,1,5407,1,6215,1,4625,1
82,55,682,1,541,2,622,1,4628,1
820,1,6821,1,5417,1,6222,1,4629,1
822,1,6823,1,542,1,6232,1,464,2
823,1,683,1,543,1,627,1,4650,1
824,1,6837,1,544,1,628,3,4653,1
825,1,6838,1,5445,1,63,49,4655,2
83,54,684,1,545,2,6300,1,466,2
832,1,6843,1,546,1,631,2,4679,1
837,2,6844,1,5463,1,632,3,4680,1
838,1,6848,1,5469,1,6321,1,4686,1
84,62,685,1,547,2,633,1,4688,1
841,2,6850,2,5470,1,6333,1,469,1
844,1,6854,1,548,1,6337,1,4690,1
846,1,6856,1,5488,1,634,2,4695,2
85,65,6857,1,5493,1,635,1,47,38
852,1,686,1,5498,1,636,1,4709,1
854,2,6865,1,55,76,637,1,471,1
855,1,6868,1,550,1,6382,1,4710,2
86,51,6869,2,5500,1,6386,1,4715,1
861,1,687,1,5503,1,6399,1,472,1
864,1,6870,2,5506,1,64,54,4726,1
866,1,6872,1,551,1,640,1,473,1
867,1,6873,1,5514,1,6410,1,474,1
87,56,6875,1,5529,1,6411,1,4741,1
870,1,688,1,5533,1,643,1,4742,2
874,2,6880,1,5535,1,644,1,475,2
876,1,6882,1,554,2,6448,1,4754,2
878,1,6884,2,5545,1,645,2,476,3
879,1,6887,1,5548,1,646,1,4760,1
88,72,6888,1,555,1,647,1,4769,1
880,1,6890,1,5553,1,65,56,4778,1
881,1,6895,1,556,1,6500,1,4779,1
886,1,6897,1,5575,1,651,2,478,1
887,4,69,66,5578,1,6510,1,4788,1
888,1,690,1,558,1,652,1,479,3
89,56,6901,1,56,90,6520,1,4792,1
891,1,6903,1,560,2,6540,1,4794,1
893,2,6907,2,561,1,656,1,48,60
894,1,6910,1,562,1,6560,1,480,1
896,1,6912,1,5629,1,66,39,481,2
897,1,6915,1,563,4,662,2,4810,1
9,534,6918,1,5633,1,6642,1,4814,1
90,59,6925,2,5648,1,668,1,4818,1
907,1,6926,1,5649,1,669,1,482,1
91,47,6930,1,565,3,6693,1,4821,1
910,1,6932,2,5651,1,67,50,4823,2
913,1,6933,1,5654,1,672,2,4824,2
914,1,6935,1,5667,1,674,1,4825,1
915,1,6938,1,5679,1,6743,1,4838,1
916,1,6939,2,568,1,6757,1,4840,1
917,2,694,2,569,2,6762,1,485,2
92,46,6940,1,57,105,6777,1,4856,2
922,1,6949,1,570,1,678,1,4864,1
925,2,695,2,571,1,6786,1,487,1
926,1,6951,2,572,1,679,2,4877,1
93,55,6955,2,5729,1,68,32,488,2
931,2,6956,1,573,1,681,3,4889,1
934,2,6957,1,5739,1,684,1,4892,2
938,1,6958,1,574,3,6846,1,49,102
94,51,6960,1,575,1,6850,1,4900,1
940,2,6962,1,5751,1,686,1,4903,2
942,1,6964,1,5755,1,6869,3,491,1
943,1,6967,1,5762,1,687,1,4913,1
95,58,6969,1,5766,1,6870,1,4914,1
951,1,697,3,577,2,6876,1,4915,1
957,1,6974,1,5777,1,688,1,4916,1
96,40,6975,2,579,1,6880,1,492,2
960,1,6978,1,5799,1,6881,2,4922,1
962,1,698,1,58,80,6884,1,493,4
963,1,6981,2,580,1,6885,2,4935,1
965,2,6984,2,581,2,6887,1,4936,1
97,50,6987,1,5810,1,6889,2,494,2
970,1,6988,2,583,2,689,1,4940,2
98,59,6989,2,585,1,6893,1,4943,1
984,1,6993,1,586,1,6894,2,495,1
985,1,6994,2,587,1,6895,1,4954,1
986,1,6998,1,5870,1,6896,1,4959,2
988,1,6999,1,588,1,6897,2,496,3
989,1,7,627,5881,1,6899,1,4962,1
99,54,70,74,5882,1,69,39,497,4
991,1,7000,1,5887,1,690,1,4976,1
